ID,优先级,建议阶段,任务,依赖,交付物,验收条件,建议负责人,状态
F01,P1,A v0.2.1,最终判决后构建偏好对,无,evaluate-review-pair顺序与回归,新增及消失分歧均正确且导出与指标一致,工程,已关闭（A确定性工程验收；发行证据见Release）
F02,P1,A v0.2.1,修正运行计数状态和CLI出口,无,阶段计数与Result状态退出码,少返回或全None不得算满额成功且全失败退出非零,工程,已关闭（A确定性工程验收；发行证据见Release）
F03,P1,A v0.2.1,修复wheel和Dashboard首次启动,无,package resources与启动入口及CI smoke,空目录干净venv安装后demo可用且文档Dashboard入口显示页面,工程,已关闭（A确定性工程验收；发行证据见Release）
F04,P1,A v0.2.1,分离严重度与质量并修偏向严判的评分,F01,指标迁移说明及对称质量检查,正确放行不被固定扣分且类别变化不报告真实质量提升,工程和规则负责人,已关闭（A确定性工程验收；发行证据见Release）
F05,P1,A v0.2.1,贯穿demo来源并隔离统计,无,execution_mode及目录隔离,预录数据在UI导出报告均标demo且不计live指标,工程,已关闭（A确定性工程验收；发行证据见Release）
F06,P1,A v0.2.1,移除伪ground_truth并绑定生成目标,无,GenerationTarget及request_item_id,相同输入不会因隐藏顺序被伪标金标且目标独立于验证标签,工程,已关闭（A确定性工程验收；发行证据见Release）
F07,P1,B v0.3.0,按阶段持久化与断点恢复,F01和F02,run目录及检查点和resume,每阶段故障后重启无重复已提交成功请求无重复pair且账目可重建,工程,已关闭（B确定性工程验收；发行证据见v0.3.0a1 Release，模型效果未验证）
F08,P1,A修版本与范围 B统一PolicyPack,统一策略语义与血缘,F03,PolicyPack及规则上下文绑定,真实版本进入lineage且两套不同规则端到端生效,工程和规则负责人,已关闭（B确定性工程验收；发行证据见v0.3.0a1 Release，模型效果未验证）
F09,P1,A修失败状态 B完善语义校验,区分候选和最终判决并完善复核,F01和F08,最终语义校验与复核状态及原文依据,错误候选可存但最终chosen过门槛且复核失败不可标一致,工程和规则负责人,已关闭（B确定性工程验收；发行证据见v0.3.0a1 Release，模型效果未验证）
F10,P2,B v0.3.0,修复IAA并验证训练消费格式,F08和F09,IAA参考测试与固定版本exporter集成,不等评分人数与缺失值反例正确且训练消费端加载模板化通过,工程和ML,已关闭（B确定性工程验收；发行证据见v0.3.0a1 Release，模型效果未验证）
F11,P2,B v0.3.0,接通运行配置预算与全局限流,F02和F07,RunConfig与GenerationResult及费用账本,并发阈值实际生效且401不重试429有界重试费用包含失败尝试,工程,已关闭（B确定性工程验收；发行证据见v0.3.0a1 Release，模型效果未验证）
F12,P2,C v0.4.0,实现运行样本复核与数据集工作台,F05和F07和F08和F09,三页工作台及独立run存储与去重分区,任选pair可追溯且改判影响新版本导出并明确空态错误态和demo,工程和产品,待实施
F13,P2,C v0.4.0,同步默认能力CI文档与开源入口,F03和F10和F12,真实report与persona配置及贡献发布文档,文档命令CI执行且报告与数据hash计数一致并由3位新用户走通,工程和产品,待实施
F14,P2,D v0.5.0,建立数据与训练效果证据,F01至F13,真实小试双人复核独立holdout及SFT-DPO对照,按预先冻结门槛报告有效率误杀漏判切片置信区间和全链路成本,ML和两位复核者,待实施
